participant_id,sample_id,genre,file,coherence_1_5,creativity_1_5,genre_match_1_5,overall_1_5,comments
1,1,Classical,task4_survey_sample1_Classical.mid,,,,,
1,2,Jazz,task4_survey_sample2_Jazz.mid,,,,,
1,3,Rock,task4_survey_sample3_Rock.mid,,,,,
1,4,Pop,task4_survey_sample4_Pop.mid,,,,,
1,5,Electronic,task4_survey_sample5_Electronic.mid,,,,,
1,6,Classical,task4_survey_sample6_Classical.mid,,,,,
1,7,Jazz,task4_survey_sample7_Jazz.mid,,,,,
1,8,Rock,task4_survey_sample8_Rock.mid,,,,,
1,9,Pop,task4_survey_sample9_Pop.mid,,,,,
1,10,Electronic,task4_survey_sample10_Electronic.mid,,,,,
2,1,Classical,task4_survey_sample1_Classical.mid,,,,,
2,2,Jazz,task4_survey_sample2_Jazz.mid,,,,,
2,3,Rock,task4_survey_sample3_Rock.mid,,,,,
2,4,Pop,task4_survey_sample4_Pop.mid,,,,,
2,5,Electronic,task4_survey_sample5_Electronic.mid,,,,,
2,6,Classical,task4_survey_sample6_Classical.mid,,,,,
2,7,Jazz,task4_survey_sample7_Jazz.mid,,,,,
2,8,Rock,task4_survey_sample8_Rock.mid,,,,,
2,9,Pop,task4_survey_sample9_Pop.mid,,,,,
2,10,Electronic,task4_survey_sample10_Electronic.mid,,,,,
3,1,Classical,task4_survey_sample1_Classical.mid,,,,,
3,2,Jazz,task4_survey_sample2_Jazz.mid,,,,,
3,3,Rock,task4_survey_sample3_Rock.mid,,,,,
3,4,Pop,task4_survey_sample4_Pop.mid,,,,,
3,5,Electronic,task4_survey_sample5_Electronic.mid,,,,,
3,6,Classical,task4_survey_sample6_Classical.mid,,,,,
3,7,Jazz,task4_survey_sample7_Jazz.mid,,,,,
3,8,Rock,task4_survey_sample8_Rock.mid,,,,,
3,9,Pop,task4_survey_sample9_Pop.mid,,,,,
3,10,Electronic,task4_survey_sample10_Electronic.mid,,,,,
4,1,Classical,task4_survey_sample1_Classical.mid,,,,,
4,2,Jazz,task4_survey_sample2_Jazz.mid,,,,,
4,3,Rock,task4_survey_sample3_Rock.mid,,,,,
4,4,Pop,task4_survey_sample4_Pop.mid,,,,,
4,5,Electronic,task4_survey_sample5_Electronic.mid,,,,,
4,6,Classical,task4_survey_sample6_Classical.mid,,,,,
4,7,Jazz,task4_survey_sample7_Jazz.mid,,,,,
4,8,Rock,task4_survey_sample8_Rock.mid,,,,,
4,9,Pop,task4_survey_sample9_Pop.mid,,,,,
4,10,Electronic,task4_survey_sample10_Electronic.mid,,,,,
5,1,Classical,task4_survey_sample1_Classical.mid,,,,,
5,2,Jazz,task4_survey_sample2_Jazz.mid,,,,,
5,3,Rock,task4_survey_sample3_Rock.mid,,,,,
5,4,Pop,task4_survey_sample4_Pop.mid,,,,,
5,5,Electronic,task4_survey_sample5_Electronic.mid,,,,,
5,6,Classical,task4_survey_sample6_Classical.mid,,,,,
5,7,Jazz,task4_survey_sample7_Jazz.mid,,,,,
5,8,Rock,task4_survey_sample8_Rock.mid,,,,,
5,9,Pop,task4_survey_sample9_Pop.mid,,,,,
5,10,Electronic,task4_survey_sample10_Electronic.mid,,,,,
6,1,Classical,task4_survey_sample1_Classical.mid,,,,,
6,2,Jazz,task4_survey_sample2_Jazz.mid,,,,,
6,3,Rock,task4_survey_sample3_Rock.mid,,,,,
6,4,Pop,task4_survey_sample4_Pop.mid,,,,,
6,5,Electronic,task4_survey_sample5_Electronic.mid,,,,,
6,6,Classical,task4_survey_sample6_Classical.mid,,,,,
6,7,Jazz,task4_survey_sample7_Jazz.mid,,,,,
6,8,Rock,task4_survey_sample8_Rock.mid,,,,,
6,9,Pop,task4_survey_sample9_Pop.mid,,,,,
6,10,Electronic,task4_survey_sample10_Electronic.mid,,,,,
7,1,Classical,task4_survey_sample1_Classical.mid,,,,,
7,2,Jazz,task4_survey_sample2_Jazz.mid,,,,,
7,3,Rock,task4_survey_sample3_Rock.mid,,,,,
7,4,Pop,task4_survey_sample4_Pop.mid,,,,,
7,5,Electronic,task4_survey_sample5_Electronic.mid,,,,,
7,6,Classical,task4_survey_sample6_Classical.mid,,,,,
7,7,Jazz,task4_survey_sample7_Jazz.mid,,,,,
7,8,Rock,task4_survey_sample8_Rock.mid,,,,,
7,9,Pop,task4_survey_sample9_Pop.mid,,,,,
7,10,Electronic,task4_survey_sample10_Electronic.mid,,,,,
8,1,Classical,task4_survey_sample1_Classical.mid,,,,,
8,2,Jazz,task4_survey_sample2_Jazz.mid,,,,,
8,3,Rock,task4_survey_sample3_Rock.mid,,,,,
8,4,Pop,task4_survey_sample4_Pop.mid,,,,,
8,5,Electronic,task4_survey_sample5_Electronic.mid,,,,,
8,6,Classical,task4_survey_sample6_Classical.mid,,,,,
8,7,Jazz,task4_survey_sample7_Jazz.mid,,,,,
8,8,Rock,task4_survey_sample8_Rock.mid,,,,,
8,9,Pop,task4_survey_sample9_Pop.mid,,,,,
8,10,Electronic,task4_survey_sample10_Electronic.mid,,,,,
9,1,Classical,task4_survey_sample1_Classical.mid,,,,,
9,2,Jazz,task4_survey_sample2_Jazz.mid,,,,,
9,3,Rock,task4_survey_sample3_Rock.mid,,,,,
9,4,Pop,task4_survey_sample4_Pop.mid,,,,,
9,5,Electronic,task4_survey_sample5_Electronic.mid,,,,,
9,6,Classical,task4_survey_sample6_Classical.mid,,,,,
9,7,Jazz,task4_survey_sample7_Jazz.mid,,,,,
9,8,Rock,task4_survey_sample8_Rock.mid,,,,,
9,9,Pop,task4_survey_sample9_Pop.mid,,,,,
9,10,Electronic,task4_survey_sample10_Electronic.mid,,,,,
10,1,Classical,task4_survey_sample1_Classical.mid,,,,,
10,2,Jazz,task4_survey_sample2_Jazz.mid,,,,,
10,3,Rock,task4_survey_sample3_Rock.mid,,,,,
10,4,Pop,task4_survey_sample4_Pop.mid,,,,,
10,5,Electronic,task4_survey_sample5_Electronic.mid,,,,,
10,6,Classical,task4_survey_sample6_Classical.mid,,,,,
10,7,Jazz,task4_survey_sample7_Jazz.mid,,,,,
10,8,Rock,task4_survey_sample8_Rock.mid,,,,,
10,9,Pop,task4_survey_sample9_Pop.mid,,,,,
10,10,Electronic,task4_survey_sample10_Electronic.mid,,,,,
11,1,Classical,task4_survey_sample1_Classical.mid,,,,,
11,2,Jazz,task4_survey_sample2_Jazz.mid,,,,,
11,3,Rock,task4_survey_sample3_Rock.mid,,,,,
11,4,Pop,task4_survey_sample4_Pop.mid,,,,,
11,5,Electronic,task4_survey_sample5_Electronic.mid,,,,,
11,6,Classical,task4_survey_sample6_Classical.mid,,,,,
11,7,Jazz,task4_survey_sample7_Jazz.mid,,,,,
11,8,Rock,task4_survey_sample8_Rock.mid,,,,,
11,9,Pop,task4_survey_sample9_Pop.mid,,,,,
11,10,Electronic,task4_survey_sample10_Electronic.mid,,,,,
12,1,Classical,task4_survey_sample1_Classical.mid,,,,,
12,2,Jazz,task4_survey_sample2_Jazz.mid,,,,,
12,3,Rock,task4_survey_sample3_Rock.mid,,,,,
12,4,Pop,task4_survey_sample4_Pop.mid,,,,,
12,5,Electronic,task4_survey_sample5_Electronic.mid,,,,,
12,6,Classical,task4_survey_sample6_Classical.mid,,,,,
12,7,Jazz,task4_survey_sample7_Jazz.mid,,,,,
12,8,Rock,task4_survey_sample8_Rock.mid,,,,,
12,9,Pop,task4_survey_sample9_Pop.mid,,,,,
12,10,Electronic,task4_survey_sample10_Electronic.mid,,,,,
